acc,precision,f1score,mod_name
0.8668,0.8676755973746118,0.8667206508066643,JEM Ensemble
0.8692,0.8695976279120128,0.8691648105674503,MLP
0.8776,0.8776241679467486,0.877598041568665,MLP Ensemble
0.866,0.8660114781199538,0.8659989494317635,JEM
