acc,precision,f1score,mod_name
0.7207,0.7242297870733487,0.7061073325995127,JEM Ensemble
0.7794,0.7809972605481496,0.7782239670079891,MLP
0.7781,0.7814391683199473,0.7778815504857763,MLP Ensemble
0.6737,0.6987108419650514,0.6760394459312773,JEM
