acc,precision,f1score,mod_name
0.7591,0.7630959766537089,0.759309436325091,JEM Ensemble
0.7801,0.7866657893024347,0.7817885884965358,MLP
0.7821,0.7899289201498965,0.7844916726299729,MLP Ensemble
0.7689,0.7769300969892394,0.7709547228694767,JEM
