acc,precision,f1score,mod_name
0.7452799999999999,0.751308337763442,0.7437432401012005,JEM Ensemble
0.75008,0.7540160473394641,0.7491080905053018,MLP
0.7572,0.7600210478101243,0.7565396560818377,MLP Ensemble
0.74192,0.7440655651535738,0.7413515594246411,JEM
