acc,precision,f1score,mod_name
0.616,0.6478264415626784,0.5941558441558441,JEM Ensemble
0.636,0.636078381147541,0.635947576451009,MLP
0.6759999999999999,0.6761014344262295,0.6759533372805684,MLP Ensemble
0.596,0.6417233560090703,0.5605562226979237,JEM
