acc,precision,f1score,mod_name
0.716,0.7235691573926868,0.7135757047651321,JEM Ensemble
0.7,0.702922077922078,0.6989160979526294,MLP
0.7,0.7015608875128999,0.6994180733900832,MLP Ensemble
0.688,0.7119255464973667,0.6789383561643836,JEM
