acc,precision,f1score,mod_name
0.7432000000000001,0.7441506640898063,0.742949777030953,JEM Ensemble
0.7396,0.7455763459551649,0.7380060286784799,MLP
0.7464,0.7497139640048671,0.7455558152616424,MLP Ensemble
0.6632,0.7353188709123728,0.635253787122674,JEM
