acc,precision,f1score,mod_name
0.6679999999999999,0.6693111455108359,0.6673560012183588,JEM Ensemble
0.704,0.7058975518377366,0.7033164410802488,MLP
0.724,0.7243589743589743,0.7238895558223288,MLP Ensemble
0.6639999999999999,0.7273937350252906,0.6388277380297194,JEM
