acc,precision,f1score,mod_name
0.992,0.992,0.992,MLP
0.984,0.9844961240310077,0.9839959029511556,JEM
