acc,precision,f1score,mod_name
0.9101,0.9104599093362784,0.9086219445938086,JEM Ensemble
0.942,0.9415017061499791,0.9412674228675252,MLP
0.9441,0.9435986059071019,0.9434079268844547,MLP Ensemble
0.8752,0.8804593411643,0.8733208976945687,JEM
