acc,precision,f1score,mod_name,dataname
0.8985,0.8986458930056993,0.8970545599029716,JEM Ensemble,MNIST
0.9402,0.9404816585665723,0.9395994247759306,MLP,MNIST
0.9423,0.9418414616466535,0.9417117851276802,MLP Ensemble,MNIST
0.8054,0.8287830565193942,0.8039356667514831,JEM,MNIST
