acc,precision,f1score,mod_name,dataname
0.9154,0.9156058593092286,0.9144154048006502,JEM Ensemble,MNIST
0.9651,0.9649131785895403,0.9647206151544168,MLP,MNIST
0.9745,0.9743410428044881,0.9743191770867725,MLP Ensemble,MNIST
0.8533999999999999,0.8673648922304751,0.8529767185660582,JEM,MNIST
