acc,precision,f1score,mod_name
0.9452,0.9456643609133244,0.9447077946989314,JEM Ensemble
0.9712,0.9708997401227062,0.9708823932989574,MLP
0.9762,0.976111857479172,0.9760274657208141,MLP Ensemble
0.9217,0.9241582604738828,0.9208285497852918,JEM
