acc,precision,f1score,mod_name
0.8421,0.8419684833371662,0.8393291115892645,JEM Ensemble
0.8516,0.8524407745241187,0.8496881283676219,MLP
0.8552,0.8563486311037147,0.8531457359391631,MLP Ensemble
0.7968,0.8139157448293834,0.7975511048680823,JEM
