acc,precision,f1score,mod_name
0.9019,0.9013187021264487,0.9006731391569962,JEM Ensemble
0.9431,0.9429692537123295,0.942515960085936,MLP
0.9449,0.9443587962537836,0.9442779098066854,MLP Ensemble
0.8374,0.8446918423076417,0.8342455855332602,JEM
