acc,precision,f1score,mod_name
0.8278,0.8307755129205523,0.8240254896687977,JEM Ensemble
0.8749,0.8736181164334588,0.8730778598747115,MLP
0.8771,0.8761118139356919,0.8752240195120095,MLP Ensemble
0.7384,0.7485319010367135,0.7284680373065571,JEM
