acc,precision,f1score,mod_name
0.91,0.9103128613256043,0.9085266898485427,JEM Ensemble
0.9423,0.9418035808913033,0.9415726345973308,MLP
0.9439,0.943391966967219,0.9432116151207373,MLP Ensemble
0.8748,0.8798390712341672,0.8728379219312089,JEM
