acc,precision,f1score,mod_name
0.94,0.9393503306853526,0.9393143911737092,JEM Ensemble
0.9374,0.9366413280018497,0.9366187431618762,MLP
0.9353,0.9345811727262304,0.9344683488463085,MLP Ensemble
0.9328,0.9329875626981134,0.9321675831082658,JEM
