acc,precision,f1score,mod_name
0.8956999999999999,0.8958883425639675,0.8943865992125204,JEM Ensemble
0.9476,0.947323276242302,0.9470241845063315,MLP
0.9495,0.9491766613039271,0.9489687025103262,MLP Ensemble
0.8314,0.8427605598842418,0.8272255498224308,JEM
