acc,precision,f1score,mod_name
0.9261,0.9260228514407332,0.9251619158437216,JEM Ensemble
0.9419,0.9412531322556057,0.9411680671494926,MLP
0.9417,0.9412171617920995,0.9410463995816242,MLP Ensemble
0.8948,0.8974775842341151,0.8936533031460684,JEM
