acc,precision,f1score,mod_name,dataname
0.8962,0.8976935889149353,0.8951049347409266,JEM Ensemble,MNIST
0.9311,0.9338952205679255,0.9304980774275494,MLP,MNIST
0.9422,0.9415410195617474,0.9414792949387385,MLP Ensemble,MNIST
0.8170999999999999,0.8342846736086256,0.817181397488819,JEM,MNIST
