acc,precision,f1score,mod_name
0.968,0.9699248120300752,0.9679671984111731,JEM Ensemble
1.0,1.0,1.0,MLP
1.0,1.0,1.0,MLP Ensemble
0.964,0.9664179104477612,0.9639532834553581,JEM
