acc,precision,f1score,mod_name
1.0,1.0,1.0,JEM Ensemble
0.996,0.996031746031746,0.995999935998976,MLP
0.996,0.996031746031746,0.995999935998976,MLP Ensemble
0.988,0.98828125,0.9879982717511322,JEM
