acc,precision,f1score,mod_name,dataname
1.0,1.0,1.0,MLP,Moons
0.9967948717948718,0.9968152866242038,0.9967948388687424,JEM,Moons
